NIP,Nama,Email,Password,Nama Posisi,Jabatan,Status Guru,Tahun Awal Jabatan,Nomor Rekening,Sertifikat
198904212011070505,"Zaid bin Amr, Ph.D",zaid@demo.com,123456,Kepala Sekolah,Guru,GTY,1/18/2000,1234567890,sertifikasi
198904212011070505,Bima,bima@demo.com,123456,,Pegawai Perpus,GTY,1/18/2000,'1234567890,non_sertifikasi
198904212011070505,Andi,andi@demo.com,123456,TU,Pegawai Keuangan,GTT,1/18/2000,'1234567890,non_sertifikasi
198904212011070505,Dina,dina@demo.com,123456,Satpam,Pegawai Lainnya,GTT,1/18/2000,'1234567890,non_sertifikasi
198904212011070505,Lisa Morsalina,lisa@demo.com,123456,,Guru,GTY,1/18/2000,'1234567890,non_sertifikasi
198904212011070505,Azizah,azizah@demo.com,123456,,Guru,GTT,1/18/2000,'1234567890,non_sertifikasi
198904212011070505,Jovanito,jovan@demo.com,123456,,Guru,Honorer,1/18/2000,'1234567890,sertifikasi
198904212011070505,Feri Hardiansyah,feri@demo.com,123456,,Guru,Honorer,1/18/2000,'1234567890,sertifikasi
198904212011070505,Gea Andini,gea@demo.com,123456,,Guru,GTY,1/18/2000,'1234567890,sertifikasi
