{
  "directory":
  [
    {
      "name" : "application/views/backend/payment_gateway"
    }
  ],
  "sql_file": "",
  "files": [
    {
        "root_directory"    : "update/update_7.1/payment_gateway/index.php",
        "update_directory"  : "application/views/backend/payment_gateway/index.php"
    },
    {
        "root_directory"    : "update/update_7.1/payment_gateway/includes_top.php",
        "update_directory"  : "application/views/backend/payment_gateway/includes_top.php"
    },
    {
        "root_directory"    : "update/update_7.1/payment_gateway/includes_bottom.php",
        "update_directory"  : "application/views/backend/payment_gateway/includes_bottom.php"
    },
    {
        "root_directory"    : "update/update_7.1/payment_gateway/paypal_checkout.php",
        "update_directory"  : "application/views/backend/payment_gateway/paypal_checkout.php"
    },
    {
        "root_directory"    : "update/update_7.1/payment_gateway/stripe_checkout.php",
        "update_directory"  : "application/views/backend/payment_gateway/stripe_checkout.php"
    },
    {
        "root_directory"    : "update/update_7.1/assets/custom.css",
        "update_directory"  : "assets/backend/css/custom.css"
    },
    {
        "root_directory"    : "update/update_7.1/payment_images/paypal.png",
        "update_directory"  : "assets/payment/paypal.png"
    },
    {
        "root_directory"    : "update/update_7.1/payment_images/stripe.png",
        "update_directory"  : "assets/payment/stripe.png"
    },
    {
        "root_directory"    : "update/update_7.1/payment_images/tick.png",
        "update_directory"  : "assets/payment/tick.png"
    },
    {
        "root_directory"    : "update/update_7.1/controllers/Admin.php",
        "update_directory"  : "application/controllers/Admin.php"
    },
    {
        "root_directory"    : "update/update_7.1/controllers/Parents.php",
        "update_directory"  : "application/controllers/Parents.php"
    },
    {
        "root_directory"    : "update/update_7.1/controllers/Student.php",
        "update_directory"  : "application/controllers/Student.php"
    },
    {
        "root_directory"    : "update/update_7.1/controllers/Superadmin.php",
        "update_directory"  : "application/controllers/Superadmin.php"
    },
    {
        "root_directory"    : "update/update_7.1/controllers/Teacher.php",
        "update_directory"  : "application/controllers/Teacher.php"
    },
    {
        "root_directory"    : "update/update_7.1/controllers/Modal.php",
        "update_directory"  : "application/controllers/Modal.php"
    },
    {
        "root_directory"    : "update/update_7.1/controllers/Home.php",
        "update_directory"  : "application/controllers/Home.php"
    },
    {
        "root_directory"    : "update/update_7.1/controllers/Login.php",
        "update_directory"  : "application/controllers/Login.php"
    },
    {
        "root_directory"    : "update/update_7.1/models/Crud_model.php",
        "update_directory"  : "application/models/Crud_model.php"
    },
    {
        "root_directory"    : "update/update_7.1/models/Payment_model.php",
        "update_directory"  : "application/models/Payment_model.php"
    },
    {
        "root_directory"    : "update/update_7.1/models/Settings_model.php",
        "update_directory"  : "application/models/Settings_model.php"
    },
    {
        "root_directory"    : "update/update_7.1/models/User_model.php",
        "update_directory"  : "application/models/User_model.php"
    },
    {
        "root_directory"    : "update/update_7.1/helpers/common_helper.php",
        "update_directory"  : "application/helpers/common_helper.php"
    },
    {
        "root_directory"    : "update/update_7.1/helpers/lms_helper.php",
        "update_directory"  : "application/helpers/lms_helper.php"
    },
    {
        "root_directory"    : "update/update_7.1/helpers/manager_helper.php",
        "update_directory"  : "application/helpers/manager_helper.php"
    },
    {
        "root_directory"    : "update/update_7.1/helpers/multi_language_helper.php",
        "update_directory"  : "application/helpers/multi_language_helper.php"
    },
    {
        "root_directory"    : "update/update_7.1/class/create.php",
        "update_directory"  : "application/views/backend/superadmin/class/create.php"
    },
    {
        "root_directory"    : "update/update_7.1/class/edit.php",
        "update_directory"  : "application/views/backend/superadmin/class/edit.php"
    },
    {
        "root_directory"    : "update/update_7.1/class/index.php",
        "update_directory"  : "application/views/backend/superadmin/class/index.php"
    },
    {
        "root_directory"    : "update/update_7.1/class/list.php",
        "update_directory"  : "application/views/backend/superadmin/class/list.php"
    },
    {
        "root_directory"    : "update/update_7.1/class/sections.php",
        "update_directory"  : "application/views/backend/superadmin/class/sections.php"
    },
    {
        "root_directory"    : "update/update_7.1/class/create.php",
        "update_directory"  : "application/views/backend/admin/class/create.php"
    },
    {
        "root_directory"    : "update/update_7.1/class/edit.php",
        "update_directory"  : "application/views/backend/admin/class/edit.php"
    },
    {
        "root_directory"    : "update/update_7.1/class/index.php",
        "update_directory"  : "application/views/backend/admin/class/index.php"
    },
    {
        "root_directory"    : "update/update_7.1/class/list.php",
        "update_directory"  : "application/views/backend/admin/class/list.php"
    },
    {
        "root_directory"    : "update/update_7.1/class/sections.php",
        "update_directory"  : "application/views/backend/admin/class/sections.php"
    },
    {
        "root_directory"    : "update/update_7.1/class/create.php",
        "update_directory"  : "application/views/backend/parent/class/create.php"
    },
    {
        "root_directory"    : "update/update_7.1/class/edit.php",
        "update_directory"  : "application/views/backend/parent/class/edit.php"
    },
    {
        "root_directory"    : "update/update_7.1/class/index.php",
        "update_directory"  : "application/views/backend/parent/class/index.php"
    },
    {
        "root_directory"    : "update/update_7.1/class/list.php",
        "update_directory"  : "application/views/backend/parent/class/list.php"
    },
    {
        "root_directory"    : "update/update_7.1/class/sections.php",
        "update_directory"  : "application/views/backend/parent/class/sections.php"
    },
    {
        "root_directory"    : "update/update_7.1/class/create.php",
        "update_directory"  : "application/views/backend/student/class/create.php"
    },
    {
        "root_directory"    : "update/update_7.1/class/edit.php",
        "update_directory"  : "application/views/backend/student/class/edit.php"
    },
    {
        "root_directory"    : "update/update_7.1/class/index.php",
        "update_directory"  : "application/views/backend/student/class/index.php"
    },
    {
        "root_directory"    : "update/update_7.1/class/list.php",
        "update_directory"  : "application/views/backend/student/class/list.php"
    },
    {
        "root_directory"    : "update/update_7.1/class/sections.php",
        "update_directory"  : "application/views/backend/student/class/sections.php"
    },
    {
        "root_directory"    : "update/update_7.1/invoice_parent/list.php",
        "update_directory"  : "application/views/backend/parent/invoice/list.php"
    },
    {
        "root_directory"    : "update/update_7.1/invoice_student/list.php",
        "update_directory"  : "application/views/backend/student/invoice/list.php"
    },
    {
        "root_directory"    : "update/update_7.1/settings/index.php",
        "update_directory"  : "application/views/backend/superadmin/settings/index.php"
    },
    {
        "root_directory"    : "update/update_7.1/settings/payment_settings.php",
        "update_directory"  : "application/views/backend/superadmin/settings/payment_settings.php"
    },
    {
        "root_directory"    : "update/update_7.1/settings/smtp_settings.php",
        "update_directory"  : "application/views/backend/admin/settings/smtp_settings.php"
    },
    {
        "root_directory"    : "update/update_7.1/settings/school_settings.php",
        "update_directory"  : "application/views/backend/admin/settings/school_settings.php"
    },
    {
        "root_directory"    : "update/update_7.1/backend/index.php",
        "update_directory"  : "application/views/backend/index.php"
    },
    {
        "root_directory"    : "update/update_7.1/backend/includes_top.php",
        "update_directory"  : "application/views/backend/includes_top.php"
    },
    {
        "root_directory"    : "update/update_7.1/backend/includes_bottom.php",
        "update_directory"  : "application/views/backend/includes_bottom.php"
    },
    {
        "root_directory"    : "update/update_7.1/backend/modal.php",
        "update_directory"  : "application/views/backend/modal.php"
    },
    {
        "root_directory"    : "update/update_7.1/backend/navigation.php",
        "update_directory"  : "application/views/backend/navigation.php"
    },
    {
        "root_directory"    : "update/update_7.1/config/autoload.php",
        "update_directory"  : "application/config/autoload.php"
    }
  ]
}